{
  "code": "surat_pernyataan_pindah_agama",
  "title": "Surat Pernyataan Pindah Agama",
  "thumbnail": "surat_pernyataan_pindah_agama.png",
  "file": "surat_pernyataan_pindah_agama.docx",
  "forms": [
			{"label": "Nomor Surat", "value": null, "type": "input_text", "var": "nomor_surat"},
			{"label": "hari", "value": null, "type": "input_text", "var": "hari"},
			{"label": "tangal", "value": null, "type": "input_text", "var": "tanggal"},
			{"label": "pukul", "value": null, "type": "input_text", "var": "pukul"}
  ]
}
